{
    "model": "google/gemma-7b",
    "dataset_length": 300,
    "mode": "ATTN",
    "final_forget_acc": 0.16667,
    "final_edit_acc": 0.83,
    "final_mc_edit_acc": 0.17171,
    "final_mc_orig_acc": 0.75758,
    "layer_accs": [
        0.18,
        0.28,
        0.24,
        0.3,
        0.12,
        0.18,
        0.22,
        0.28,
        0.24,
        0.26,
        0.2,
        0.16,
        0.2,
        0.24,
        0.24,
        0.32,
        0.3,
        0.38,
        0.38,
        0.68,
        0.72,
        0.66,
        0.74,
        0.7,
        0.74,
        0.78,
        0.74,
        0.72
    ]
}