{
    "model": "google/gemma-7b",
    "dataset_length": 30,
    "mode": "MANUAL",
    "final_forget_acc": 0,
    "final_edit_acc": 1,
    "final_mc_edit_acc": 0.77778,
    "final_mc_orig_acc": 0.22222,
    "layer_accs": [
        0.2,
        0.2,
        0.2,
        0.0,
        0.4,
        0.0,
        0.2,
        0.0,
        0.0,
        0.2,
        0.0,
        0.0,
        0.0,
        0.0,
        0.0,
        0.0,
        0.0,
        0.2,
        0.0,
        0.2,
        0.2,
        0.2,
        0.0,
        0.0,
        0.0,
        0.0,
        0.2,
        0.0
    ]
}