{
    "model": "google/gemma-7b",
    "dataset_length": 300,
    "mode": "MANUAL",
    "final_forget_acc": 0,
    "final_edit_acc": 1,
    "final_mc_edit_acc": 0.69697,
    "final_mc_orig_acc": 0.26263,
    "layer_accs": [
        0.24,
        0.22,
        0.22,
        0.24,
        0.14,
        0.2,
        0.26,
        0.16,
        0.2,
        0.24,
        0.26,
        0.2,
        0.3,
        0.2,
        0.18,
        0.32,
        0.22,
        0.16,
        0.28,
        0.36,
        0.22,
        0.26,
        0.28,
        0.2,
        0.22,
        0.28,
        0.26,
        0.24
    ]
}