{
    "model": "google/gemma-7b",
    "dataset_length": 30,
    "mode": "ALL",
    "final_forget_acc": 0,
    "final_edit_acc": 1,
    "final_mc_edit_acc": 0.44444,
    "final_mc_orig_acc": 0.33333,
    "layer_accs": [
        0.4,
        0.4,
        0.2,
        0.4,
        0.2,
        0.4,
        0.4,
        0.2,
        0.4,
        0.2,
        0.2,
        0.4,
        0.2,
        0.2,
        0.4,
        0.4,
        0.2,
        0.2,
        0.0,
        0.4,
        0.0,
        0.0,
        0.2,
        0.4,
        0.4,
        0.4,
        0.4,
        0.2
    ]
}