{
    "model": "google/gemma-7b",
    "dataset_length": 100,
    "mode": "ALL",
    "final_forget_acc": 0,
    "final_edit_acc": 1,
    "final_mc_edit_acc": 0.12121,
    "final_mc_orig_acc": 0.60606,
    "layer_accs": [
        0.35294117647058826,
        0.29411764705882354,
        0.23529411764705882,
        0.0,
        0.29411764705882354,
        0.058823529411764705,
        0.23529411764705882,
        0.23529411764705882,
        0.29411764705882354,
        0.11764705882352941,
        0.11764705882352941,
        0.11764705882352941,
        0.17647058823529413,
        0.23529411764705882,
        0.29411764705882354,
        0.17647058823529413,
        0.29411764705882354,
        0.23529411764705882,
        0.11764705882352941,
        0.47058823529411764,
        0.47058823529411764,
        0.29411764705882354,
        0.29411764705882354,
        0.47058823529411764,
        0.5294117647058824,
        0.29411764705882354,
        0.4117647058823529,
        0.35294117647058826
    ]
}