{
    "model": "google/gemma-7b",
    "dataset_length": 100,
    "mode": "ATTN",
    "final_forget_acc": 0,
    "final_edit_acc": 1,
    "final_mc_edit_acc": 0.18182,
    "final_mc_orig_acc": 0.72727,
    "layer_accs": [
        0.35294117647058826,
        0.23529411764705882,
        0.29411764705882354,
        0.47058823529411764,
        0.23529411764705882,
        0.23529411764705882,
        0.11764705882352941,
        0.29411764705882354,
        0.23529411764705882,
        0.17647058823529413,
        0.29411764705882354,
        0.29411764705882354,
        0.17647058823529413,
        0.17647058823529413,
        0.23529411764705882,
        0.35294117647058826,
        0.35294117647058826,
        0.23529411764705882,
        0.35294117647058826,
        0.47058823529411764,
        0.23529411764705882,
        0.5882352941176471,
        0.7058823529411765,
        0.8823529411764706,
        0.6470588235294118,
        0.7058823529411765,
        0.8823529411764706,
        0.47058823529411764
    ]
}