{
    "model": "google/gemma-7b",
    "dataset_length": 1000,
    "mode": "MANUAL",
    "final_forget_acc": 0.004,
    "final_edit_acc": 1,
    "final_mc_edit_acc": 0.690224,
    "final_mc_orig_acc": 0.30812,
    "layer_accs": [
        0.2011173184357542,
        0.27932960893854747,
        0.2905027932960894,
        0.26256983240223464,
        0.24581005586592178,
        0.2737430167597765,
        0.21787709497206703,
        0.25139664804469275,
        0.2681564245810056,
        0.20670391061452514,
        0.24581005586592178,
        0.25139664804469275,
        0.25139664804469275,
        0.19553072625698323,
        0.2346368715083799,
        0.21787709497206703,
        0.22905027932960895,
        0.3240223463687151,
        0.24581005586592178,
        0.30726256983240224,
        0.2569832402234637,
        0.25139664804469275,
        0.3128491620111732,
        0.31843575418994413,
        0.35195530726256985,
        0.2681564245810056,
        0.2737430167597765,
        0.29608938547486036
    ]
}