{
    "model": "google/gemma-7b",
    "dataset_length": 100,
    "mode": "MANUAL",
    "final_forget_acc": 0,
    "final_edit_acc": 1,
    "final_mc_edit_acc": 0.63636,
    "final_mc_orig_acc": 0.27273,
    "layer_accs": [
        0.17647058823529413,
        0.29411764705882354,
        0.29411764705882354,
        0.5294117647058824,
        0.47058823529411764,
        0.17647058823529413,
        0.29411764705882354,
        0.17647058823529413,
        0.29411764705882354,
        0.29411764705882354,
        0.29411764705882354,
        0.17647058823529413,
        0.17647058823529413,
        0.47058823529411764,
        0.29411764705882354,
        0.47058823529411764,
        0.29411764705882354,
        0.5882352941176471,
        0.5294117647058824,
        0.35294117647058826,
        0.47058823529411764,
        0.35294117647058826,
        0.5882352941176471,
        0.17647058823529413,
        0.29411764705882354,
        0.29411764705882354,
        0.29411764705882354,
        0.4117647058823529
    ]
}