{
    "model": "google/gemma-7b",
    "dataset_length": 300,
    "mode": "ALL",
    "final_forget_acc": 0.03333,
    "final_edit_acc": 0.96333,
    "final_mc_edit_acc": 0.39394,
    "final_mc_orig_acc": 0.41414,
    "layer_accs": [
        0.26,
        0.2,
        0.16,
        0.22,
        0.2,
        0.28,
        0.3,
        0.24,
        0.2,
        0.3,
        0.34,
        0.2,
        0.22,
        0.24,
        0.22,
        0.22,
        0.16,
        0.34,
        0.28,
        0.34,
        0.3,
        0.34,
        0.4,
        0.36,
        0.4,
        0.42,
        0.46,
        0.28
    ]
}