{
    "model": "google/gemma-7b",
    "dataset_length": 1000,
    "mode": "ALL",
    "final_forget_acc": 0,
    "final_edit_acc": 1,
    "final_mc_edit_acc": 0.41414,
    "final_mc_orig_acc": 0.39393,
    "layer_accs": [
        0.24,
        0.22,
        0.24,
        0.3,
        0.2,
        0.26,
        0.18,
        0.3,
        0.3,
        0.24,
        0.36,
        0.28,
        0.3,
        0.36,
        0.26,
        0.24,
        0.34,
        0.26,
        0.34,
        0.42,
        0.34,
        0.34,
        0.48,
        0.38,
        0.34,
        0.38,
        0.44,
        0.38
    ]
}