{
    "MANUAL": {
        "Num Facts": [10, 30, 100, 300],
        "Forget Acc": [0, 0.16667, 0.12, 0.09],
        "MCQ Forget Acc": [0.1, 0.25, 0.12121, 0.1623],
        "Edit Acc": [1, 0.866, 0.87, 0.896],
        "MCQ Edit Acc": [0.7, 0.7778, 0.84848, 0.8],
        "Max Probe Acc": [0.4, 0.366, 0.333, 0.25]
    },
    "RANDOM": {
        "Num Facts": [10, 30, 100, 300],
        "Forget Acc": [0, 0, 0, 0],
        "MCQ Forget Acc": [0.9394, 1, 1, 1],
        "Edit Acc": [1, 1, 1, 1],
        "MCQ Edit Acc": [0.0303, 0, 0, 0],
        "Max Probe Acc": [0.9329, 0.9531, 0.9011, 0.9422]
    },
    "ATTN": {
        "Num Facts": [10, 30, 100, 300],
        "Forget Acc": [0, 0, 0, 0],
        "MCQ Forget Acc": [1, 0.5555, 0.4849, 0.606],
        "Edit Acc": [1, 1, 1, 1],
        "MCQ Edit Acc": [0, 0.2222, 0.1818, 0.2424],
        "Max Probe Acc": [0.9757, 0.9844, 0.9636, 0.9432]
    },
    "ALL": {
        "Num Facts": [10, 30, 100, 300],
        "Forget Acc": [0, 0, 0, 0],
        "MCQ Forget Acc": [0.2, 0.444, 0.333, 0.3636],
        "Edit Acc": [1, 1, 1, 1],
        "MCQ Edit Acc": [0.2, 0.333, 0.303, 0.3636],
        "Max Probe Acc": [0.5055, 0.5750, 0.4722, 0.4447]
    }
}