{
    "Manual": {
        "30":{
            "model": "google/gemma-7b",
            "dataset_length": 30,
            "mode": "MANUAL",
            "final_forget_acc": 0,
            "final_edit_acc": 1,
            "final_mc_edit_acc": 0.77778,
            "final_mc_orig_acc": 0.22222,
            "layer_accs": [
                0.2,
                0.2,
                0.2,
                0.0,
                0.4,
                0.0,
                0.2,
                0.0,
                0.0,
                0.2,
                0.0,
                0.0,
                0.0,
                0.0,
                0.0,
                0.0,
                0.0,
                0.2,
                0.0,
                0.2,
                0.2,
                0.2,
                0.0,
                0.0,
                0.0,
                0.0,
                0.2,
                0.0
            ]
        },
        "100": {
            "model": "google/gemma-7b",
            "dataset_length": 100,
            "mode": "MANUAL",
            "final_forget_acc": 0,
            "final_edit_acc": 1,
            "final_mc_edit_acc": 0.63636,
            "final_mc_orig_acc": 0.27273,
            "layer_accs": [
                0.17647058823529413,
                0.29411764705882354,
                0.29411764705882354,
                0.5294117647058824,
                0.47058823529411764,
                0.17647058823529413,
                0.29411764705882354,
                0.17647058823529413,
                0.29411764705882354,
                0.29411764705882354,
                0.29411764705882354,
                0.17647058823529413,
                0.17647058823529413,
                0.47058823529411764,
                0.29411764705882354,
                0.47058823529411764,
                0.29411764705882354,
                0.5882352941176471,
                0.5294117647058824,
                0.35294117647058826,
                0.47058823529411764,
                0.35294117647058826,
                0.5882352941176471,
                0.17647058823529413,
                0.29411764705882354,
                0.29411764705882354,
                0.29411764705882354,
                0.4117647058823529
            ]
        },
        "300": {
            "model": "google/gemma-7b",
            "dataset_length": 300,
            "mode": "MANUAL",
            "final_forget_acc": 0,
            "final_edit_acc": 1,
            "final_mc_edit_acc": 0.69697,
            "final_mc_orig_acc": 0.26263,
            "layer_accs": [
                0.24,
                0.22,
                0.22,
                0.24,
                0.14,
                0.2,
                0.26,
                0.16,
                0.2,
                0.24,
                0.26,
                0.2,
                0.3,
                0.2,
                0.18,
                0.32,
                0.22,
                0.16,
                0.28,
                0.36,
                0.22,
                0.26,
                0.28,
                0.2,
                0.22,
                0.28,
                0.26,
                0.24
            ]
        },
        "1000":{
            "model": "google/gemma-7b",
            "dataset_length": 1000,
            "mode": "MANUAL",
            "final_forget_acc": 0.004,
            "final_edit_acc": 1,
            "final_mc_edit_acc": 0.690224,
            "final_mc_orig_acc": 0.30812,
            "layer_accs": [
                0.2011173184357542,
                0.27932960893854747,
                0.2905027932960894,
                0.26256983240223464,
                0.24581005586592178,
                0.2737430167597765,
                0.21787709497206703,
                0.25139664804469275,
                0.2681564245810056,
                0.20670391061452514,
                0.24581005586592178,
                0.25139664804469275,
                0.25139664804469275,
                0.19553072625698323,
                0.2346368715083799,
                0.21787709497206703,
                0.22905027932960895,
                0.3240223463687151,
                0.24581005586592178,
                0.30726256983240224,
                0.2569832402234637,
                0.25139664804469275,
                0.3128491620111732,
                0.31843575418994413,
                0.35195530726256985,
                0.2681564245810056,
                0.2737430167597765,
                0.29608938547486036
            ]
        }
    },
    "Incl. Attn.": {
        "30": {
            "model": "google/gemma-7b",
            "dataset_length": 30,
            "mode": "ATTN",
            "final_forget_acc": 0,
            "final_edit_acc": 1,
            "final_mc_edit_acc": 0.88889,
            "final_mc_orig_acc": 0,
            "layer_accs": [
                0.2,
                0.0,
                0.0,
                0.0,
                0.2,
                0.0,
                0.0,
                0.2,
                0.2,
                0.0,
                0.0,
                0.2,
                0.2,
                0.2,
                0.2,
                0.0,
                0.2,
                0.2,
                0.4,
                0.2,
                0.2,
                0.6,
                0.2,
                0.6,
                0.6,
                0.0,
                0.8,
                0.8
            ]
        },
        "100": {
            "model": "google/gemma-7b",
            "dataset_length": 100,
            "mode": "ATTN",
            "final_forget_acc": 0,
            "final_edit_acc": 1,
            "final_mc_edit_acc": 0.18182,
            "final_mc_orig_acc": 0.72727,
            "layer_accs": [
                0.35294117647058826,
                0.23529411764705882,
                0.29411764705882354,
                0.47058823529411764,
                0.23529411764705882,
                0.23529411764705882,
                0.11764705882352941,
                0.29411764705882354,
                0.23529411764705882,
                0.17647058823529413,
                0.29411764705882354,
                0.29411764705882354,
                0.17647058823529413,
                0.17647058823529413,
                0.23529411764705882,
                0.35294117647058826,
                0.35294117647058826,
                0.23529411764705882,
                0.35294117647058826,
                0.47058823529411764,
                0.23529411764705882,
                0.5882352941176471,
                0.7058823529411765,
                0.8823529411764706,
                0.6470588235294118,
                0.7058823529411765,
                0.8823529411764706,
                0.47058823529411764
            ]
        },
        "300": {
            "model": "google/gemma-7b",
            "dataset_length": 300,
            "mode": "ATTN",
            "final_forget_acc": 0.16667,
            "final_edit_acc": 0.83,
            "final_mc_edit_acc": 0.17171,
            "final_mc_orig_acc": 0.75758,
            "layer_accs": [
                0.18,
                0.28,
                0.24,
                0.3,
                0.12,
                0.18,
                0.22,
                0.28,
                0.24,
                0.26,
                0.2,
                0.16,
                0.2,
                0.24,
                0.24,
                0.32,
                0.3,
                0.38,
                0.38,
                0.68,
                0.72,
                0.66,
                0.74,
                0.7,
                0.74,
                0.78,
                0.74,
                0.72
            ]
        },
        "1000":{
            "model": "google/gemma-7b",
            "dataset_length": 1000,
            "mode": "ATTN",
            "final_forget_acc": 0,
            "final_edit_acc": 1,