{"L0H0": 0.699999988079071, "L0H1": 0.5, "L0H2": 0.6000000238418579, "L0H3": 0.699999988079071, "L0H4": 0.5, "L0H5": 0.5, "L0H6": 0.5, "L0H7": 0.699999988079071, "L0H8": 0.5, "L0H9": 0.5, "L0H10": 0.5, "L0H11": 0.5, "L0H12": 0.800000011920929, "L0H13": 0.5, "L0H14": 0.5, "L0H15": 0.5, "L1H0": 0.5, "L1H1": 0.5, "L1H2": 0.5, "L1H3": 0.5, "L1H4": 0.5, "L1H5": 0.5, "L1H6": 0.5, "L1H7": 0.5, "L1H8": 0.5, "L1H9": 0.6000000238418579, "L1H10": 0.4000000059604645, "L1H11": 0.5, "L1H12": 0.5, "L1H13": 0.699999988079071, "L1H14": 0.5, "L1H15": 0.5, "L2H0": 0.4000000059604645, "L2H1": 0.5, "L2H2": 0.5, "L2H3": 0.6000000238418579, "L2H4": 0.5, "L2H5": 0.5, "L2H6": 0.5, "L2H7": 0.5, "L2H8": 0.4000000059604645, "L2H9": 0.6000000238418579, "L2H10": 0.800000011920929, "L2H11": 0.6000000238418579, "L2H12": 0.5, "L2H13": 0.5, "L2H14": 0.6000000238418579, "L2H15": 0.5, "L3H0": 0.5, "L3H1": 0.5, "L3H2": 0.6000000238418579, "L3H3": 0.5, "L3H4": 0.5, "L3H5": 0.5, "L3H6": 0.5, "L3H7": 0.5, "L3H8": 0.4000000059604645, "L3H9": 0.6000000238418579, "L3H10": 0.800000011920929, "L3H11": 0.5, "L3H12": 0.6000000238418579, "L3H13": 0.5, "L3H14": 0.5, "L3H15": 0.5, "L4H0": 0.5, "L4H1": 0.5, "L4H2": 0.5, "L4H3": 0.699999988079071, "L4H4": 0.6000000238418579, "L4H5": 0.5, "L4H6": 0.5, "L4H7": 0.6000000238418579, "L4H8": 0.6000000238418579, "L4H9": 0.5, "L4H10": 0.5, "L4H11": 0.6000000238418579, "L4H12": 0.699999988079071, "L4H13": 0.5, "L4H14": 0.5, "L4H15": 0.5, "L5H0": 0.5, "L5H1": 0.5, "L5H2": 0.5, "L5H3": 0.6000000238418579, "L5H4": 0.5, "L5H5": 0.800000011920929, "L5H6": 0.6000000238418579, "L5H7": 0.4000000059604645, "L5H8": 0.4000000059604645, "L5H9": 0.5, "L5H10": 0.5, "L5H11": 0.6000000238418579, "L5H12": 0.5, "L5H13": 0.800000011920929, "L5H14": 0.5, "L5H15": 0.6000000238418579, "L6H0": 0.5, "L6H1": 0.5, "L6H2": 0.699999988079071, "L6H3": 0.800000011920929, "L6H4": 0.4000000059604645, "L6H5": 0.6000000238418579, "L6H6": 0.5, "L6H7": 0.5, "L6H8": 0.5, "L6H9": 0.5, "L6H10": 0.5, "L6H11": 0.5, "L6H12": 0.6000000238418579, "L6H13": 0.5, "L6H14": 0.6000000238418579, "L6H15": 0.5, "L7H0": 0.6000000238418579, "L7H1": 0.699999988079071, "L7H2": 0.5, "L7H3": 0.4000000059604645, "L7H4": 0.5, "L7H5": 0.5, "L7H6": 0.699999988079071, "L7H7": 0.5, "L7H8": 0.5, "L7H9": 0.5, "L7H10": 0.5, "L7H11": 0.6000000238418579, "L7H12": 0.5, "L7H13": 0.6000000238418579, "L7H14": 0.5, "L7H15": 0.6000000238418579}