{"L0H0": 0.800000011920929, "L0H1": 0.6000000238418579, "L0H2": 0.699999988079071, "L0H3": 0.6000000238418579, "L0H4": 0.699999988079071, "L0H5": 0.699999988079071, "L0H6": 0.800000011920929, "L0H7": 0.6000000238418579, "L0H8": 0.699999988079071, "L0H9": 0.6000000238418579, "L0H10": 0.6000000238418579, "L0H11": 0.6000000238418579, "L0H12": 0.699999988079071, "L0H13": 0.6000000238418579, "L0H14": 0.6000000238418579, "L0H15": 0.699999988079071, "L0H16": 0.699999988079071, "L0H17": 0.699999988079071, "L0H18": 0.699999988079071, "L0H19": 0.699999988079071, "L0H20": 0.699999988079071, "L0H21": 0.699999988079071, "L0H22": 0.699999988079071, "L0H23": 0.6000000238418579, "L0H24": 0.6000000238418579, "L0H25": 0.800000011920929, "L0H26": 0.6000000238418579, "L0H27": 0.6000000238418579, "L0H28": 0.699999988079071, "L0H29": 0.6000000238418579, "L0H30": 0.699999988079071, "L0H31": 0.699999988079071, "L1H0": 0.800000011920929, "L1H1": 0.699999988079071, "L1H2": 0.6000000238418579, "L1H3": 0.6000000238418579, "L1H4": 0.699999988079071, "L1H5": 0.699999988079071, "L1H6": 0.800000011920929, "L1H7": 0.6000000238418579, "L1H8": 0.699999988079071, "L1H9": 0.6000000238418579, "L1H10": 0.6000000238418579, "L1H11": 0.699999988079071, "L1H12": 0.699999988079071, "L1H13": 0.699999988079071, "L1H14": 0.6000000238418579, "L1H15": 0.699999988079071, "L1H16": 0.800000011920929, "L1H17": 0.699999988079071, "L1H18": 0.699999988079071, "L1H19": 0.699999988079071, "L1H20": 0.699999988079071, "L1H21": 0.699999988079071, "L1H22": 0.6000000238418579, "L1H23": 0.699999988079071, "L1H24": 0.6000000238418579, "L1H25": 0.699999988079071, "L1H26": 0.6000000238418579, "L1H27": 0.699999988079071, "L1H28": 0.800000011920929, "L1H29": 0.6000000238418579, "L1H30": 0.699999988079071, "L1H31": 0.6000000238418579, "L2H0": 0.6000000238418579, "L2H1": 0.699999988079071, "L2H2": 0.699999988079071, "L2H3": 0.6000000238418579, "L2H4": 0.6000000238418579, "L2H5": 0.699999988079071, "L2H6": 0.800000011920929, "L2H7": 0.699999988079071, "L2H8": 0.699999988079071, "L2H9": 0.699999988079071, "L2H10": 0.699999988079071, "L2H11": 0.699999988079071, "L2H12": 0.699999988079071, "L2H13": 0.6000000238418579, "L2H14": 0.699999988079071, "L2H15": 0.699999988079071, "L2H16": 0.699999988079071, "L2H17": 0.6000000238418579, "L2H18": 0.699999988079071, "L2H19": 0.800000011920929, "L2H20": 0.6000000238418579, "L2H21": 0.6000000238418579, "L2H22": 0.800000011920929, "L2H23": 0.699999988079071, "L2H24": 0.6000000238418579, "L2H25": 0.699999988079071, "L2H26": 0.699999988079071, "L2H27": 0.699999988079071, "L2H28": 0.699999988079071, "L2H29": 0.6000000238418579, "L2H30": 0.800000011920929, "L2H31": 0.6000000238418579, "L3H0": 0.699999988079071, "L3H1": 0.699999988079071, "L3H2": 0.800000011920929, "L3H3": 0.6000000238418579, "L3H4": 0.699999988079071, "L3H5": 0.6000000238418579, "L3H6": 0.699999988079071, "L3H7": 0.699999988079071, "L3H8": 0.6000000238418579, "L3H9": 0.699999988079071, "L3H10": 0.800000011920929, "L3H11": 0.699999988079071, "L3H12": 0.800000011920929, "L3H13": 0.6000000238418579, "L3H14": 0.6000000238418579, "L3H15": 0.6000000238418579, "L3H16": 0.800000011920929, "L3H17": 0.699999988079071, "L3H18": 0.699999988079071, "L3H19": 0.6000000238418579, "L3H20": 0.800000011920929, "L3H21": 0.699999988079071, "L3H22": 0.8999999761581421, "L3H23": 0.699999988079071, "L3H24": 0.699999988079071, "L3H25": 0.699999988079071, "L3H26": 0.6000000238418579, "L3H27": 0.699999988079071, "L3H28": 0.6000000238418579, "L3H29": 0.6000000238418579, "L3H30": 0.699999988079071, "L3H31": 0.699999988079071, "L4H0": 0.6000000238418579, "L4H1": 0.699999988079071, "L4H2": 0.699999988079071, "L4H3": 0.6000000238418579, "L4H4": 0.6000000238418579, "L4H5": 0.8999999761581421, "L4H6": 0.6000000238418579, "L4H7": 0.699999988079071, "L4H8": 0.699999988079071, "L4H9": 0.6000000238418579, "L4H10": 0.699999988079071, "L4H11": 0.699999988079071, "L4H12": 0.6000000238418579, "L4H13": 0.800000011920929, "L4H14": 0.6000000238418579, "L4H15": 0.6000000238418579, "L4H16": 0.800000011920929, "L4H17": 0.699999988079071, "L4H18": 0.699999988079071, "L4H19": 0.6000000238418579, "L4H20": 0.800000011920929, "L4H21": 0.6000000238418579, "L4H22": 0.6000000238418579, "L4H23": 0.699999988079071, "L4H24": 0.6000000238418579, "L4H25": 0.699999988079071, "L4H26": 0.800000011920929, "L4H27": 0.6000000238418579, "L4H28": 0.699999988079071, "L4H29": 0.699999988079071, "L4H30": 0.699999988079071, "L4H31": 0.6000000238418579, "L5H0": 0.699999988079071, "L5H1": 0.699999988079071, "L5H2": 0.699999988079071, "L5H3": 0.6000000238418579, "L5H4": 0.800000011920929, "L5H5": 0.6000000238418579, "L5H6": 0.699999988079071, "L5H7": 0.800000011920929, "L5H8": 0.699999988079071, "L5H9": 0.699999988079071, "L5H10": 0.699999988079071, "L5H11": 0.800000011920929, "L5H12": 0.6000000238418579, "L5H13": 0.6000000238418579, "L5H14": 0.699999988079071, "L5H15": 0.699999988079071, "L5H16": 0.6000000238418579, "L5H17": 0.6000000238418579, "L5H18": 0.6000000238418579, "L5H19": 0.699999988079071, "L5H20": 0.699999988079071, "L5H21": 0.699999988079071, "L5H22": 0.699999988079071, "L5H23": 0.6000000238418579, "L5H24": 0.6000000238418579, "L5H25": 0.6000000238418579, "L5H26": 0.699999988079071, "L5H27": 0.699999988079071, "L5H28": 0.699999988079071, "L5H29": 0.699999988079071, "L5H30": 0.699999988079071, "L5H31": 0.800000011920929, "L6H0": 0.699999988079071, "L6H1": 0.699999988079071, "L6H2": 0.699999988079071, "L6H3": 0.699999988079071, "L6H4": 0.699999988079071, "L6H5": 0.800000011920929, "L6H6": 0.699999988079071, "L6H7": 0.6000000238418579, "L6H8": 0.6000000238418579, "L6H9": 0.699999988079071, "L6H10": 0.699999988079071, "L6H11": 0.800000011920929, "L6H12": 0.699999988079071, "L6H13": 0.800000011920929, "L6H14": 0.699999988079071, "L6H15": 0.6000000238418579, "L6H16": 0.6000000238418579, "L6H17": 0.800000011920929, "L6H18": 0.800000011920929, "L6H19": 0.699999988079071, "L6H20": 0.6000000238418579, "L6H21": 0.699999988079071, "L6H22": 0.699999988079071, "L6H23": 0.8999999761581421, "L6H24": 0.699999988079071, "L6H25": 0.699999988079071, "L6H26": 0.699999988079071, "L6H27": 0.800000011920929, "L6H28": 0.699999988079071, "L6H29": 0.6000000238418579, "L6H30": 0.699999988079071, "L6H31": 0.800000011920929, "L7H0": 0.699999988079071, "L7H1": 0.699999988079071, "L7H2": 0.699999988079071, "L7H3": 0.6000000238418579, "L7H4": 0.699999988079071, "L7H5": 0.699999988079071, "L7H6": 0.6000000238418579, "L7H7": 0.6000000238418579, "L7H8": 0.6000000238418579, "L7H9": 0.699999988079071, "L7H10": 0.800000011920929, "L7H11": 0.699999988079071, "L7H12": 0.800000011920929, "L7H13": 0.699999988079071, "L7H14": 0.6000000238418579, "L7H15": 0.699999988079071, "L7H16": 0.699999988079071, "L7H17": 0.6000000238418579, "L7H18": 0.699999988079071, "L7H19": 0.800000011920929, "L7H20": 0.699999988079071, "L7H21": 0.800000011920929, "L7H22": 0.699999988079071, "L7H23": 0.699999988079071, "L7H24": 0.699999988079071, "L7H25": 0.699999988079071, "L7H26": 0.699999988079071, "L7H27": 0.699999988079071, "L7H28": 0.800000011920929, "L7H29": 0.699999988079071, "L7H30": 0.699999988079071, "L7H31": 0.699999988079071}