{"m0": 0.006778717041015625, "m1": 0.006778717041015625, "m2": 0.018646240234375, "m3": 0.01525115966796875, "m4": 0.0203399658203125, "m5": 0.01355743408203125, "m6": -0.006778717041015625, "m7": 0.0271148681640625, "m8": 0.0711669921875, "m9": 0.06268310546875, "m10": 0.01016998291015625, "m11": -0.01016998291015625, "m12": -0.0016946792602539062, "m13": 0.005084991455078125, "m14": 0.01186370849609375, "m15": -0.00847625732421875, "m16": 0.006778717041015625, "m17": 0.0203399658203125, "m18": -0.01525115966796875, "m19": 0.0016946792602539062, "m20": 0.0169525146484375, "m21": 0.0, "m22": -0.01016998291015625, "m23": -0.01525115966796875, "m24": -0.01186370849609375, "m25": 0.0, "m26": 0.0, "m27": 0.0, "m28": 0.0, "m29": 0.0, "m30": 0.0, "m31": 0.0, "m32": 0.0, "m33": 0.0, "m34": 0.0, "m35": 0.0, "m36": 0.0, "m37": 0.0, "m38": 0.0, "m39": 0.0, "m40": 0.0, "m41": 0.0}