{"chosen_layers": [1, 3, 4, 6, 9, 17, 18, 19], "abs_attr_threshold": 0.02, "original_attrs": [-0.00504302978515625, -0.0789794921875, 0.01849365234375, -0.03192138671875, -0.03277587890625, -0.0117645263671875, 0.0504150390625, -0.00839996337890625, 0.0, -0.0369873046875, 0.002521514892578125, -0.0008401870727539062, -0.00504302978515625, -0.012603759765625, -0.012603759765625, -0.002521514892578125, -0.0100860595703125, 0.0218505859375, 0.0277252197265625, 0.0260467529296875, 0.0, 0.0, 0.0, 0.0, 0.0, 0.0, 0.0, 0.0]}