{"m0": 0.007450103759765625, "m1": -0.0018625259399414062, "m2": 0.0018625259399414062, "m3": 0.0223388671875, "m4": 0.01116943359375, "m5": 0.03350830078125, "m6": -0.01116943359375, "m7": 0.05401611328125, "m8": 0.1285400390625, "m9": 0.06146240234375, "m10": 0.0260772705078125, "m11": 0.0018625259399414062, "m12": 0.007450103759765625, "m13": 0.0037250518798828125, "m14": 0.01116943359375, "m15": 0.01861572265625, "m16": 0.0223388671875, "m17": 0.01490020751953125, "m18": -0.009307861328125, "m19": 0.0, "m20": -0.0018625259399414062, "m21": 0.0, "m22": -0.01116943359375, "m23": -0.0037250518798828125, "m24": -0.0018625259399414062, "m25": 0.0, "m26": 0.0, "m27": 0.0, "m28": 0.0, "m29": 0.0, "m30": 0.0, "m31": 0.0, "m32": 0.0, "m33": 0.0, "m34": 0.0, "m35": 0.0, "m36": 0.0, "m37": 0.0, "m38": 0.0, "m39": 0.0, "m40": 0.0, "m41": 0.0}