{"chosen_layers": [3, 5, 7, 8, 9, 10, 16], "abs_attr_threshold": 0.02, "original_attrs": [0.007450103759765625, -0.0018625259399414062, 0.0018625259399414062, 0.0223388671875, 0.01116943359375, 0.03350830078125, -0.01116943359375, 0.05401611328125, 0.1285400390625, 0.06146240234375, 0.0260772705078125, 0.0018625259399414062, 0.007450103759765625, 0.0037250518798828125, 0.01116943359375, 0.01861572265625, 0.0223388671875, 0.01490020751953125, -0.009307861328125, 0.0, -0.0018625259399414062, 0.0, -0.01116943359375, -0.0037250518798828125, -0.0018625259399414062, 0.0, 0.0, 0.0, 0.0, 0.0, 0.0, 0.0, 0.0, 0.0, 0.0, 0.0, 0.0, 0.0, 0.0, 0.0, 0.0, 0.0]}