{"m0": 0.0217132568359375, "m1": -0.03411865234375, "m2": -0.01551055908203125, "m3": 0.0589599609375, "m4": -0.005168914794921875, "m5": -0.0227508544921875, "m6": 0.009307861328125, "m7": -0.026885986328125, "m8": 0.008270263671875, "m9": -0.059967041015625, "m10": -0.0031032562255859375, "m11": -0.0217132568359375, "m12": -0.041351318359375, "m13": -0.0248260498046875, "m14": -0.01241302490234375, "m15": 0.001033782958984375, "m16": -0.006206512451171875, "m17": 0.01033782958984375, "m18": 0.0227508544921875, "m19": 0.05169677734375, "m20": 0.0, "m21": 0.0, "m22": 0.0, "m23": 0.0, "m24": 0.0, "m25": 0.0, "m26": 0.0, "m27": 0.0}