{"chosen_layers": [1, 3, 4, 6, 12], "abs_attr_threshold": 0.02, "original_attrs": [-0.01513671875, -0.063232421875, 0.007122039794921875, -0.0240478515625, -0.0231475830078125, -0.004451751708984375, 0.0391845703125, 0.0026721954345703125, 0.01157379150390625, -0.01959228515625, 0.0026721954345703125, 0.0026721954345703125, -0.0213775634765625, -0.0124664306640625, -0.0080108642578125, -0.0026721954345703125, -0.01513671875, 0.018707275390625, 0.009796142578125, 0.0, 0.0, 0.0, 0.0, 0.0, 0.0, 0.0, 0.0, 0.0]}