{"chosen_layers": [3, 6, 9, 18, 19], "abs_attr_threshold": 0.02, "original_attrs": [-0.01253509521484375, -0.0196990966796875, -0.00984954833984375, -0.029541015625, -0.0035800933837890625, 0.00894927978515625, 0.046539306640625, 0.01611328125, 0.013427734375, -0.0232696533203125, 0.00537109375, -0.002685546875, -0.013427734375, -0.008056640625, 0.0008950233459472656, -0.0008950233459472656, -0.01432037353515625, 0.0196990966796875, 0.024169921875, 0.036712646484375, 0.0, 0.0, 0.0, 0.0, 0.0, 0.0, 0.0, 0.0]}