{"m0": -0.00504302978515625, "m1": -0.0789794921875, "m2": 0.01849365234375, "m3": -0.03192138671875, "m4": -0.03277587890625, "m5": -0.0117645263671875, "m6": 0.0504150390625, "m7": -0.00839996337890625, "m8": 0.0, "m9": -0.0369873046875, "m10": 0.002521514892578125, "m11": -0.0008401870727539062, "m12": -0.00504302978515625, "m13": -0.012603759765625, "m14": -0.012603759765625, "m15": -0.002521514892578125, "m16": -0.0100860595703125, "m17": 0.0218505859375, "m18": 0.0277252197265625, "m19": 0.0260467529296875, "m20": 0.0, "m21": 0.0, "m22": 0.0, "m23": 0.0, "m24": 0.0, "m25": 0.0, "m26": 0.0, "m27": 0.0}