{"chosen_layers": [0, 1, 3, 5, 7, 9, 11, 12, 13, 18, 19], "abs_attr_threshold": 0.02, "original_attrs": [0.0217132568359375, -0.03411865234375, -0.01551055908203125, 0.0589599609375, -0.005168914794921875, -0.0227508544921875, 0.009307861328125, -0.026885986328125, 0.008270263671875, -0.059967041015625, -0.0031032562255859375, -0.0217132568359375, -0.041351318359375, -0.0248260498046875, -0.01241302490234375, 0.001033782958984375, -0.006206512451171875, 0.01033782958984375, 0.0227508544921875, 0.05169677734375, 0.0, 0.0, 0.0, 0.0, 0.0, 0.0, 0.0, 0.0]}