{"m0": -0.01513671875, "m1": -0.063232421875, "m2": 0.007122039794921875, "m3": -0.0240478515625, "m4": -0.0231475830078125, "m5": -0.004451751708984375, "m6": 0.0391845703125, "m7": 0.0026721954345703125, "m8": 0.01157379150390625, "m9": -0.01959228515625, "m10": 0.0026721954345703125, "m11": 0.0026721954345703125, "m12": -0.0213775634765625, "m13": -0.0124664306640625, "m14": -0.0080108642578125, "m15": -0.0026721954345703125, "m16": -0.01513671875, "m17": 0.018707275390625, "m18": 0.009796142578125, "m19": 0.0, "m20": 0.0, "m21": 0.0, "m22": 0.0, "m23": 0.0, "m24": 0.0, "m25": 0.0, "m26": 0.0, "m27": 0.0}