{"chosen_layers": [3, 4, 5, 7, 8, 9, 10, 15, 18, 21, 22], "abs_attr_threshold": 0.02, "original_attrs": [0.00921630859375, 0.003948211669921875, 0.0184326171875, 0.031585693359375, 0.047393798828125, 0.04345703125, -0.0131683349609375, 0.036865234375, 0.1251220703125, 0.06451416015625, 0.03424072265625, -0.00789642333984375, 0.01184844970703125, 0.00658416748046875, 0.019744873046875, 0.02764892578125, 0.0184326171875, 0.017120361328125, -0.0236968994140625, -0.003948211669921875, 0.0013170242309570312, 0.026336669921875, 0.0236968994140625, -0.0026340484619140625, -0.0184326171875, 0.0, 0.0, 0.0, 0.0, 0.0, 0.0, 0.0, 0.0, 0.0, 0.0, 0.0, 0.0, 0.0, 0.0, 0.0, 0.0, 0.0]}