{"m0": -0.01253509521484375, "m1": -0.0196990966796875, "m2": -0.00984954833984375, "m3": -0.029541015625, "m4": -0.0035800933837890625, "m5": 0.00894927978515625, "m6": 0.046539306640625, "m7": 0.01611328125, "m8": 0.013427734375, "m9": -0.0232696533203125, "m10": 0.00537109375, "m11": -0.002685546875, "m12": -0.013427734375, "m13": -0.008056640625, "m14": 0.0008950233459472656, "m15": -0.0008950233459472656, "m16": -0.01432037353515625, "m17": 0.0196990966796875, "m18": 0.024169921875, "m19": 0.036712646484375, "m20": 0.0, "m21": 0.0, "m22": 0.0, "m23": 0.0, "m24": 0.0, "m25": 0.0, "m26": 0.0, "m27": 0.0}