{"m0": 0.01107025146484375, "m1": 0.007381439208984375, "m2": 0.007381439208984375, "m3": 0.027679443359375, "m4": 0.033203125, "m5": 0.0166015625, "m6": -0.0036907196044921875, "m7": 0.0295257568359375, "m8": 0.0682373046875, "m9": 0.05535888671875, "m10": 0.0166015625, "m11": 0.007381439208984375, "m12": -0.0018453598022460938, "m13": -0.0036907196044921875, "m14": 0.01476287841796875, "m15": -0.0018453598022460938, "m16": -0.00922393798828125, "m17": 0.0036907196044921875, "m18": 0.0018453598022460938, "m19": 0.0166015625, "m20": 0.01107025146484375, "m21": -0.005535125732421875, "m22": 0.01476287841796875, "m23": 0.0036907196044921875, "m24": 0.01476287841796875, "m25": 0.0, "m26": 0.0, "m27": 0.0, "m28": 0.0, "m29": 0.0, "m30": 0.0, "m31": 0.0, "m32": 0.0, "m33": 0.0, "m34": 0.0, "m35": 0.0, "m36": 0.0, "m37": 0.0, "m38": 0.0, "m39": 0.0, "m40": 0.0, "m41": 0.0}