{"chosen_layers": [4, 7, 8, 9, 17], "abs_attr_threshold": 0.02, "original_attrs": [0.006778717041015625, 0.006778717041015625, 0.018646240234375, 0.01525115966796875, 0.0203399658203125, 0.01355743408203125, -0.006778717041015625, 0.0271148681640625, 0.0711669921875, 0.06268310546875, 0.01016998291015625, -0.01016998291015625, -0.0016946792602539062, 0.005084991455078125, 0.01186370849609375, -0.00847625732421875, 0.006778717041015625, 0.0203399658203125, -0.01525115966796875, 0.0016946792602539062, 0.0169525146484375, 0.0, -0.01016998291015625, -0.01525115966796875, -0.01186370849609375, 0.0, 0.0, 0.0, 0.0, 0.0, 0.0, 0.0, 0.0, 0.0, 0.0, 0.0, 0.0, 0.0, 0.0, 0.0, 0.0, 0.0]}