{"chosen_layers": [0, 1, 3, 4, 6, 12, 19], "abs_attr_threshold": 0.02, "original_attrs": [-0.02117919921875, -0.052947998046875, -0.00832366943359375, -0.035552978515625, -0.04461669921875, 0.0007562637329101562, 0.0264739990234375, -0.01361846923828125, -0.01361846923828125, -0.018157958984375, 0.00453948974609375, 0.00453948974609375, -0.0226898193359375, -0.014373779296875, -0.007564544677734375, -0.01134490966796875, -0.014373779296875, 0.006809234619140625, -0.01739501953125, 0.05596923828125, 0.0, 0.0, 0.0, 0.0, 0.0, 0.0, 0.0, 0.0]}