{"m0": 0.0165557861328125, "m1": 0.006622314453125, "m2": 0.01158905029296875, "m3": 0.0264892578125, "m4": 0.0298004150390625, "m5": 0.033111572265625, "m6": -0.01158905029296875, "m7": 0.0380859375, "m8": 0.11090087890625, "m9": 0.059600830078125, "m10": 0.0215301513671875, "m11": -0.006622314453125, "m12": 0.0033111572265625, "m13": 0.00496673583984375, "m14": 0.01324462890625, "m15": 0.01324462890625, "m16": 0.0033111572265625, "m17": 0.0215301513671875, "m18": -0.00827789306640625, "m19": 0.00827789306640625, "m20": 0.006622314453125, "m21": 0.0033111572265625, "m22": 0.01158905029296875, "m23": -0.00827789306640625, "m24": -0.0099334716796875, "m25": 0.0, "m26": 0.0, "m27": 0.0, "m28": 0.0, "m29": 0.0, "m30": 0.0, "m31": 0.0, "m32": 0.0, "m33": 0.0, "m34": 0.0, "m35": 0.0, "m36": 0.0, "m37": 0.0, "m38": 0.0, "m39": 0.0, "m40": 0.0, "m41": 0.0}