{"chosen_layers": [3, 4, 5, 7, 8, 9, 10, 17], "abs_attr_threshold": 0.02, "original_attrs": [0.0165557861328125, 0.006622314453125, 0.01158905029296875, 0.0264892578125, 0.0298004150390625, 0.033111572265625, -0.01158905029296875, 0.0380859375, 0.11090087890625, 0.059600830078125, 0.0215301513671875, -0.006622314453125, 0.0033111572265625, 0.00496673583984375, 0.01324462890625, 0.01324462890625, 0.0033111572265625, 0.0215301513671875, -0.00827789306640625, 0.00827789306640625, 0.006622314453125, 0.0033111572265625, 0.01158905029296875, -0.00827789306640625, -0.0099334716796875, 0.0, 0.0, 0.0, 0.0, 0.0, 0.0, 0.0, 0.0, 0.0, 0.0, 0.0, 0.0, 0.0, 0.0, 0.0, 0.0, 0.0]}