{"chosen_layers": [3, 4, 7, 8, 9], "abs_attr_threshold": 0.02, "original_attrs": [0.01107025146484375, 0.007381439208984375, 0.007381439208984375, 0.027679443359375, 0.033203125, 0.0166015625, -0.0036907196044921875, 0.0295257568359375, 0.0682373046875, 0.05535888671875, 0.0166015625, 0.007381439208984375, -0.0018453598022460938, -0.0036907196044921875, 0.01476287841796875, -0.0018453598022460938, -0.00922393798828125, 0.0036907196044921875, 0.0018453598022460938, 0.0166015625, 0.01107025146484375, -0.005535125732421875, 0.01476287841796875, 0.0036907196044921875, 0.01476287841796875, 0.0, 0.0, 0.0, 0.0, 0.0, 0.0, 0.0, 0.0, 0.0, 0.0, 0.0, 0.0, 0.0, 0.0, 0.0, 0.0, 0.0]}