{"m0": -0.02117919921875, "m1": -0.052947998046875, "m2": -0.00832366943359375, "m3": -0.035552978515625, "m4": -0.04461669921875, "m5": 0.0007562637329101562, "m6": 0.0264739990234375, "m7": -0.01361846923828125, "m8": -0.01361846923828125, "m9": -0.018157958984375, "m10": 0.00453948974609375, "m11": 0.00453948974609375, "m12": -0.0226898193359375, "m13": -0.014373779296875, "m14": -0.007564544677734375, "m15": -0.01134490966796875, "m16": -0.014373779296875, "m17": 0.006809234619140625, "m18": -0.01739501953125, "m19": 0.05596923828125, "m20": 0.0, "m21": 0.0, "m22": 0.0, "m23": 0.0, "m24": 0.0, "m25": 0.0, "m26": 0.0, "m27": 0.0}