{"m0": 0.00921630859375, "m1": 0.003948211669921875, "m2": 0.0184326171875, "m3": 0.031585693359375, "m4": 0.047393798828125, "m5": 0.04345703125, "m6": -0.0131683349609375, "m7": 0.036865234375, "m8": 0.1251220703125, "m9": 0.06451416015625, "m10": 0.03424072265625, "m11": -0.00789642333984375, "m12": 0.01184844970703125, "m13": 0.00658416748046875, "m14": 0.019744873046875, "m15": 0.02764892578125, "m16": 0.0184326171875, "m17": 0.017120361328125, "m18": -0.0236968994140625, "m19": -0.003948211669921875, "m20": 0.0013170242309570312, "m21": 0.026336669921875, "m22": 0.0236968994140625, "m23": -0.0026340484619140625, "m24": -0.0184326171875, "m25": 0.0, "m26": 0.0, "m27": 0.0, "m28": 0.0, "m29": 0.0, "m30": 0.0, "m31": 0.0, "m32": 0.0, "m33": 0.0, "m34": 0.0, "m35": 0.0, "m36": 0.0, "m37": 0.0, "m38": 0.0, "m39": 0.0, "m40": 0.0, "m41": 0.0}