{"L0H0": 0.0, "L0H1": 0.0, "L0H2": -0.0018453598022460938, "L0H3": 0.0, "L0H4": 0.0, "L0H5": 0.0, "L0H6": 0.0, "L0H7": 0.0, "L0H8": 0.0, "L0H9": 0.0, "L0H10": 0.0, "L0H11": 0.0, "L0H12": 0.0, "L0H13": -0.0018453598022460938, "L0H14": 0.0, "L0H15": 0.0, "L1H0": -0.0018453598022460938, "L1H1": 0.0, "L1H2": 0.0, "L1H3": 0.0, "L1H4": 0.0, "L1H5": 0.0, "L1H6": 0.0, "L1H7": 0.0, "L1H8": 0.0, "L1H9": 0.0, "L1H10": 0.0, "L1H11": 0.0, "L1H12": 0.0, "L1H13": 0.0, "L1H14": 0.0, "L1H15": 0.0, "L2H0": 0.0, "L2H1": 0.0, "L2H2": 0.0, "L2H3": 0.0, "L2H4": -0.0018453598022460938, "L2H5": 0.0, "L2H6": -0.0018453598022460938, "L2H7": 0.0, "L2H8": 0.0, "L2H9": 0.0, "L2H10": 0.0, "L2H11": 0.0, "L2H12": 0.0, "L2H13": -0.0018453598022460938, "L2H14": 0.0, "L2H15": 0.0, "L3H0": 0.0, "L3H1": 0.0, "L3H2": 0.0018453598022460938, "L3H3": -0.0018453598022460938, "L3H4": 0.0, "L3H5": -0.0036907196044921875, "L3H6": 0.0, "L3H7": 0.0, "L3H8": 0.0, "L3H9": 0.0, "L3H10": 0.0, "L3H11": -0.0036907196044921875, "L3H12": 0.0, "L3H13": 0.0018453598022460938, "L3H14": -0.0018453598022460938, "L3H15": 0.0, "L4H0": 0.0, "L4H1": 0.0036907196044921875, "L4H2": -0.0036907196044921875, "L4H3": 0.0018453598022460938, "L4H4": -0.0018453598022460938, "L4H5": -0.0018453598022460938, "L4H6": -0.0036907196044921875, "L4H7": -0.0018453598022460938, "L4H8": 0.0, "L4H9": 0.0018453598022460938, "L4H10": 0.0, "L4H11": -0.0018453598022460938, "L4H12": 0.0, "L4H13": 0.0, "L4H14": 0.0, "L4H15": -0.0018453598022460938, "L5H0": 0.0, "L5H1": 0.0, "L5H2": 0.0, "L5H3": 0.0, "L5H4": -0.0018453598022460938, "L5H5": -0.0018453598022460938, "L5H6": 0.0, "L5H7": 0.0, "L5H8": 0.0, "L5H9": -0.0018453598022460938, "L5H10": 0.0, "L5H11": 0.0, "L5H12": 0.0, "L5H13": 0.0, "L5H14": 0.0, "L5H15": 0.0, "L6H0": 0.0, "L6H1": 0.0, "L6H2": 0.0, "L6H3": 0.0, "L6H4": -0.0018453598022460938, "L6H5": 0.0018453598022460938, "L6H6": -0.0018453598022460938, "L6H7": 0.0018453598022460938, "L6H8": 0.0, "L6H9": 0.0, "L6H10": -0.0018453598022460938, "L6H11": -0.0036907196044921875, "L6H12": -0.005535125732421875, "L6H13": 0.0018453598022460938, "L6H14": -0.0018453598022460938, "L6H15": -0.0018453598022460938, "L7H0": 0.0, "L7H1": 0.0, "L7H2": 0.0, "L7H3": 0.0, "L7H4": -0.0018453598022460938, "L7H5": -0.0018453598022460938, "L7H6": 0.00922393798828125, "L7H7": 0.0018453598022460938, "L7H8": 0.0, "L7H9": -0.0036907196044921875, "L7H10": 0.0, "L7H11": 0.0, "L7H12": 0.0018453598022460938, "L7H13": 0.0, "L7H14": -0.0018453598022460938, "L7H15": -0.0018453598022460938, "L8H0": 0.0, "L8H1": 0.0, "L8H2": 0.0, "L8H3": 0.0, "L8H4": 0.005535125732421875, "L8H5": 0.0, "L8H6": 0.0, "L8H7": 0.0018453598022460938, "L8H8": 0.0, "L8H9": 0.0036907196044921875, "L8H10": 0.0018453598022460938, "L8H11": 0.0, "L8H12": -0.0036907196044921875, "L8H13": 0.0036907196044921875, "L8H14": -0.0018453598022460938, "L8H15": 0.0018453598022460938, "L9H0": -0.0018453598022460938, "L9H1": 0.0, "L9H2": 0.0, "L9H3": 0.0, "L9H4": 0.0, "L9H5": -0.0018453598022460938, "L9H6": 0.0, "L9H7": 0.0, "L9H8": 0.0, "L9H9": 0.0, "L9H10": 0.0, "L9H11": 0.0, "L9H12": 0.0, "L9H13": 0.0018453598022460938, "L9H14": 0.0018453598022460938, "L9H15": 0.0, "L10H0": 0.0018453598022460938, "L10H1": 0.0, "L10H2": -0.0018453598022460938, "L10H3": 0.0018453598022460938, "L10H4": 0.0, "L10H5": 0.0, "L10H6": 0.0018453598022460938, "L10H7": 0.0018453598022460938, "L10H8": 0.0, "L10H9": 0.0018453598022460938, "L10H10": -0.0018453598022460938, "L10H11": 0.0, "L10H12": 0.0018453598022460938, "L10H13": -0.0036907196044921875, "L10H14": -0.0018453598022460938, "L10H15": 0.0018453598022460938, "L11H0": 0.0, "L11H1": 0.0, "L11H2": 0.0, "L11H3": 0.0, "L11H4": 0.0, "L11H5": -0.0018453598022460938, "L11H6": -0.0018453598022460938, "L11H7": -0.0018453598022460938, "L11H8": 0.0, "L11H9": 0.0, "L11H10": 0.0018453598022460938, "L11H11": 0.0, "L11H12": -0.0018453598022460938, "L11H13": 0.0018453598022460938, "L11H14": 0.0, "L11H15": 0.0, "L12H0": 0.0, "L12H1": 0.0, "L12H2": 0.0, "L12H3": 0.0, "L12H4": -0.0018453598022460938, "L12H5": 0.0, "L12H6": 0.0, "L12H7": -0.0018453598022460938, "L12H8": 0.0, "L12H9": 0.0, "L12H10": 0.0, "L12H11": -0.0018453598022460938, "L12H12": 0.0, "L12H13": 0.0, "L12H14": 0.0, "L12H15": 0.0, "L13H0": 0.0, "L13H1": 0.0018453598022460938, "L13H2": 0.0, "L13H3": -0.0018453598022460938, "L13H4": 0.0, "L13H5": 0.0, "L13H6": -0.0018453598022460938, "L13H7": 0.0, "L13H8": -0.0018453598022460938, "L13H9": -0.0036907196044921875, "L13H10": 0.0, "L13H11": 0.0, "L13H12": 0.0, "L13H13": 0.0, "L13H14": -0.0018453598022460938, "L13H15": 0.0, "L14H0": 0.0, "L14H1": 0.0, "L14H2": 0.0, "L14H3": -0.0018453598022460938, "L14H4": 0.0, "L14H5": -0.0018453598022460938, "L14H6": -0.0036907196044921875, "L14H7": -0.0018453598022460938, "L14H8": 0.0, "L14H9": -0.0018453598022460938, "L14H10": 0.0, "L14H11": 0.0, "L14H12": 0.0, "L14H13": 0.0, "L14H14": -0.0018453598022460938, "L14H15": 0.0, "L15H0": 0.0, "L15H1": 0.0, "L15H2": -0.0018453598022460938, "L15H3": 0.0, "L15H4": 0.0018453598022460938, "L15H5": 0.0, "L15H6": 0.0, "L15H7": 0.0018453598022460938, "L15H8": 0.0, "L15H9": 0.0018453598022460938, "L15H10": 0.0, "L15H11": 0.0, "L15H12": 0.0, "L15H13": -0.0018453598022460938, "L15H14": 0.0, "L15H15": -0.005535125732421875, "L16H0": 0.0, "L16H1": 0.0, "L16H2": 0.0, "L16H3": 0.0, "L16H4": -0.0018453598022460938, "L16H5": 0.0, "L16H6": 0.0, "L16H7": -0.0018453598022460938, "L16H8": 0.0, "L16H9": 0.0, "L16H10": 0.0, "L16H11": 0.0, "L16H12": 0.0, "L16H13": 0.0, "L16H14": 0.0, "L16H15": 0.0, "L17H0": 0.0, "L17H1": 0.0, "L17H2": 0.0, "L17H3": 0.0, "L17H4": 0.0, "L17H5": 0.0, "L17H6": 0.0, "L17H7": -0.0018453598022460938, "L17H8": 0.0, "L17H9": 0.0, "L17H10": 0.0, "L17H11": 0.0, "L17H12": 0.005535125732421875, "L17H13": 0.0018453598022460938, "L17H14": 0.0, "L17H15": 0.0036907196044921875, "L18H0": -0.0018453598022460938, "L18H1": 0.0, "L18H2": 0.0, "L18H3": 0.0, "L18H4": 0.0, "L18H5": 0.0, "L18H6": 0.0036907196044921875, "L18H7": -0.0018453598022460938, "L18H8": 0.0, "L18H9": 0.0, "L18H10": 0.0, "L18H11": 0.0, "L18H12": 0.0, "L18H13": -0.0018453598022460938, "L18H14": 0.0, "L18H15": 0.0, "L19H0": 0.0, "L19H1": 0.0, "L19H2": -0.0018453598022460938, "L19H3": -0.0018453598022460938, "L19H4": -0.0018453598022460938, "L19H5": 0.0, "L19H6": 0.0, "L19H7": -0.0018453598022460938, "L19H8": 0.0, "L19H9": 0.0018453598022460938, "L19H10": 0.0, "L19H11": 0.0, "L19H12": -0.0018453598022460938, "L19H13": 0.0, "L19H14": 0.0, "L19H15": 0.0, "L20H0": 0.0018453598022460938, "L20H1": 0.0018453598022460938, "L20H2": 0.0018453598022460938, "L20H3": -0.0018453598022460938, "L20H4": 0.0313720703125, "L20H5": -0.0018453598022460938, "L20H6": -0.0018453598022460938, "L20H7": 0.0018453598022460938, "L20H8": 0.0, "L20H9": 0.0, "L20H10": -0.0018453598022460938, "L20H11": 0.0, "L20H12": -0.0018453598022460938, "L20H13": 0.0018453598022460938, "L20H14": -0.0018453598022460938, "L20H15": 0.0, "L21H0": 0.0, "L21H1": -0.0018453598022460938, "L21H2": 0.0, "L21H3": 0.0, "L21H4": 0.0, "L21H5": 0.0018453598022460938, "L21H6": -0.0036907196044921875, "L21H7": 0.0036907196044921875, "L21H8": 0.0018453598022460938, "L21H9": 0.0036907196044921875, "L21H10": 0.01107025146484375, "L21H11": -0.01291656494140625, "L21H12": 0.0, "L21H13": 0.0, "L21H14": -0.0018453598022460938, "L21H15": -0.0018453598022460938, "L22H0": -0.005535125732421875, "L22H1": 0.0018453598022460938, "L22H2": 0.0, "L22H3": 0.0, "L22H4": 0.0, "L22H5": 0.0, "L22H6": 0.0018453598022460938, "L22H7": -0.0036907196044921875, "L22H8": -0.0036907196044921875, "L22H9": 0.0, "L22H10": 0.0018453598022460938, "L22H11": 0.0, "L22H12": 0.0, "L22H13": -0.0018453598022460938, "L22H14": 0.0, "L22H15": 0.0018453598022460938, "L23H0": 0.0, "L23H1": 0.0, "L23H2": -0.0018453598022460938, "L23H3": 0.0018453598022460938, "L23H4": -0.0018453598022460938, "L23H5": 0.0, "L23H6": -0.0018453598022460938, "L23H7": 0.0, "L23H8": 0.0, "L23H9": 0.0, "L23H10": 0.0, "L23H11": -0.0018453598022460938, "L23H12": 0.0018453598022460938,