{"chosen_layers": [4, 5, 6, 7], "abs_attr_threshold": 0.02, "original_attrs": [0.0014765262603759766, 0.005095720291137695, 0.017333269119262695, 0.010321855545043945, 0.020842790603637695, 0.035765886306762695, 0.0667717456817627, 0.028456926345825195, 0.008330583572387695, 0.015486955642700195, 0.010817766189575195, -0.001519918441772461, 0.003228425979614258, 0.018386125564575195, 0.0, 0.0, 0.0, 0.0, 0.0, 0.0, 0.0, 0.0, 0.0, 0.0, 0.0, 0.0, 0.0, 0.0, 0.0, 0.0, 0.0, 0.0]}