{"chosen_layers": [16, 17, 18, 19, 20, 21, 22], "abs_attr_threshold": 0.02, "original_attrs": [0.0014667510986328125, 0.0010538101196289062, 0.0030574798583984375, 0.0014524459838867188, 0.00366973876953125, 0.007305145263671875, 0.009326934814453125, 0.003528594970703125, -0.0025634765625, 0.0008864402770996094, -0.0007882118225097656, -0.00260162353515625, 0.004138946533203125, 0.00247955322265625, 0.011791229248046875, 0.018268585205078125, 0.031223297119140625, 0.040439605712890625, 0.049900054931640625, 0.07776260375976562, 0.09949111938476562, 0.10547256469726562, 0.09680557250976562, 0.0, 0.0, 0.0, 0.0, 0.0, 0.0, 0.0, 0.0, 0.0]}