{"chosen_layers": [5, 6, 9, 13], "abs_attr_threshold": 0.02, "original_attrs": [0.002147674560546875, 0.004344940185546875, 0.008824348449707031, 0.01229095458984375, 0.01580810546875, 0.0221099853515625, 0.0539398193359375, 0.0034027099609375, 0.0061626434326171875, 0.0308380126953125, 0.00322723388671875, 0.013668060302734375, 0.0058727264404296875, 0.02642822265625, 0.0, 0.0, 0.0, 0.0, 0.0, 0.0, 0.0, 0.0, 0.0, 0.0, 0.0, 0.0, 0.0, 0.0, 0.0, 0.0, 0.0, 0.0]}