{"m0": -0.02581787109375, "m1": -0.0267333984375, "m2": -0.0233917236328125, "m3": -0.024444580078125, "m4": -0.0222320556640625, "m5": -0.0134429931640625, "m6": -0.01114654541015625, "m7": -0.0292816162109375, "m8": -0.027099609375, "m9": -0.033660888671875, "m10": -0.0288543701171875, "m11": -0.04290771484375, "m12": -0.01959228515625, "m13": -0.0323486328125, "m14": -0.022857666015625, "m15": -0.005657196044921875, "m16": -0.000972747802734375, "m17": 0.010772705078125, "m18": 0.0043182373046875, "m19": 0.0657958984375, "m20": 0.071533203125, "m21": 0.0638427734375, "m22": 0.0897216796875, "m23": -0.0283203125, "m24": -0.0283203125, "m25": -0.0283203125, "m26": -0.0283203125, "m27": -0.0283203125, "m28": -0.0283203125, "m29": -0.0283203125, "m30": -0.0283203125, "m31": -0.0283203125}