{"chosen_layers": [15, 16, 17, 19, 20, 21, 22], "abs_attr_threshold": 0.02, "original_attrs": [0.00140380859375, 0.00140380859375, 0.00384521484375, -0.00115966796875, 0.00048828125, 0.0018310546875, 0.008544921875, 0.0064697265625, -0.00665283203125, 0.00506591796875, 0.0045166015625, 0.006591796875, 0.0078125, 0.0098876953125, 0.0184326171875, 0.035400390625, 0.0255126953125, 0.0635986328125, 0.0093994140625, 0.0902099609375, 0.1099853515625, 0.1134033203125, 0.0982666015625, 0.0, 0.0, 0.0, 0.0, 0.0, 0.0, 0.0, 0.0, 0.0]}