{"m0": -0.028594970703125, "m1": -0.0300750732421875, "m2": -0.0285491943359375, "m3": -0.02984619140625, "m4": -0.027435302734375, "m5": -0.0244903564453125, "m6": -0.026092529296875, "m7": -0.0274658203125, "m8": -0.0295257568359375, "m9": -0.024444580078125, "m10": -0.03448486328125, "m11": -0.031982421875, "m12": -0.033477783203125, "m13": -0.020782470703125, "m14": -0.0242462158203125, "m15": -0.024505615234375, "m16": 0.0065765380859375, "m17": 0.01195526123046875, "m18": 0.06768798828125, "m19": 0.01520538330078125, "m20": 0.0814208984375, "m21": 0.0616455078125, "m22": 0.07183837890625, "m23": -0.0305328369140625, "m24": -0.0305328369140625, "m25": -0.0305328369140625, "m26": -0.0305328369140625, "m27": -0.0305328369140625, "m28": -0.0305328369140625, "m29": -0.0305328369140625, "m30": -0.0305328369140625, "m31": -0.0305328369140625}