{"m0": -0.003692626953125, "m1": 0.0007610321044921875, "m2": 0.004673004150390625, "m3": -0.001865386962890625, "m4": 0.0131072998046875, "m5": 0.0113677978515625, "m6": 0.0281219482421875, "m7": 0.037200927734375, "m8": 0.02032470703125, "m9": 0.00164794921875, "m10": 0.0033931732177734375, "m11": -0.0176544189453125, "m12": 0.0092926025390625, "m13": 0.00907135009765625, "m14": -0.00646209716796875, "m15": -0.00646209716796875, "m16": -0.00646209716796875, "m17": -0.00646209716796875, "m18": -0.00646209716796875, "m19": -0.00646209716796875, "m20": -0.00646209716796875, "m21": -0.00646209716796875, "m22": -0.00646209716796875, "m23": -0.00646209716796875, "m24": -0.00646209716796875, "m25": -0.00646209716796875, "m26": -0.00646209716796875, "m27": -0.00646209716796875, "m28": -0.00646209716796875, "m29": -0.00646209716796875, "m30": -0.00646209716796875, "m31": -0.00646209716796875}