{"m0": 0.11993408203125, "m1": 0.11993408203125, "m2": 0.12237548828125, "m3": 0.11737060546875, "m4": 0.1190185546875, "m5": 0.120361328125, "m6": 0.1270751953125, "m7": 0.125, "m8": 0.11187744140625, "m9": 0.12359619140625, "m10": 0.123046875, "m11": 0.1251220703125, "m12": 0.1263427734375, "m13": 0.12841796875, "m14": 0.136962890625, "m15": 0.1539306640625, "m16": 0.14404296875, "m17": 0.18212890625, "m18": 0.1279296875, "m19": 0.208740234375, "m20": 0.228515625, "m21": 0.23193359375, "m22": 0.216796875, "m23": 0.1185302734375, "m24": 0.1185302734375, "m25": 0.1185302734375, "m26": 0.1185302734375, "m27": 0.1185302734375, "m28": 0.1185302734375, "m29": 0.1185302734375, "m30": 0.1185302734375, "m31": 0.1185302734375}