{"chosen_layers": [6, 7, 8], "abs_attr_threshold": 0.02, "original_attrs": [0.00276947021484375, 0.0072231292724609375, 0.011135101318359375, 0.004596710205078125, 0.01956939697265625, 0.01782989501953125, 0.03458404541015625, 0.04366302490234375, 0.02678680419921875, 0.00811004638671875, 0.009855270385742188, -0.01119232177734375, 0.01575469970703125, 0.015533447265625, 0.0, 0.0, 0.0, 0.0, 0.0, 0.0, 0.0, 0.0, 0.0, 0.0, 0.0, 0.0, 0.0, 0.0, 0.0, 0.0, 0.0, 0.0]}