{"m0": 0.0014629364013671875, "m1": 0.0010499954223632812, "m2": 0.0030536651611328125, "m3": 0.0014486312866210938, "m4": 0.003665924072265625, "m5": 0.00730133056640625, "m6": 0.0093231201171875, "m7": 0.0035247802734375, "m8": -0.002567291259765625, "m9": 0.0008826255798339844, "m10": -0.0007920265197753906, "m11": -0.002605438232421875, "m12": 0.0041351318359375, "m13": 0.002475738525390625, "m14": 0.01178741455078125, "m15": 0.0182647705078125, "m16": 0.031219482421875, "m17": 0.040435791015625, "m18": 0.049896240234375, "m19": 0.0777587890625, "m20": 0.0994873046875, "m21": 0.10546875, "m22": 0.0968017578125, "m23": -3.814697265625e-06, "m24": -3.814697265625e-06, "m25": -3.814697265625e-06, "m26": -3.814697265625e-06, "m27": -3.814697265625e-06, "m28": -3.814697265625e-06, "m29": -3.814697265625e-06, "m30": -3.814697265625e-06, "m31": -3.814697265625e-06}