{"m0": -0.005344390869140625, "m1": -0.003147125244140625, "m2": 0.0013322830200195312, "m3": 0.00479888916015625, "m4": 0.0083160400390625, "m5": 0.014617919921875, "m6": 0.04644775390625, "m7": -0.00408935546875, "m8": -0.0013294219970703125, "m9": 0.023345947265625, "m10": -0.00426483154296875, "m11": 0.006175994873046875, "m12": -0.0016193389892578125, "m13": 0.0189361572265625, "m14": -0.0074920654296875, "m15": -0.0074920654296875, "m16": -0.0074920654296875, "m17": -0.0074920654296875, "m18": -0.0074920654296875, "m19": -0.0074920654296875, "m20": -0.0074920654296875, "m21": -0.0074920654296875, "m22": -0.0074920654296875, "m23": -0.0074920654296875, "m24": -0.0074920654296875, "m25": -0.0074920654296875, "m26": -0.0074920654296875, "m27": -0.0074920654296875, "m28": -0.0074920654296875, "m29": -0.0074920654296875, "m30": -0.0074920654296875, "m31": -0.0074920654296875}