{"chosen_layers": [16, 18, 19, 20, 21, 22], "abs_attr_threshold": 0.02, "original_attrs": [6.103515625e-05, 0.00079345703125, 0.001495361328125, 0.00244140625, 0.00506591796875, 0.006500244140625, 0.0072021484375, 0.005523681640625, -0.005828857421875, -0.002197265625, -0.003204345703125, -0.00091552734375, 0.0030517578125, -0.005706787109375, 0.0169677734375, 0.009033203125, 0.0348968505859375, 0.0166015625, 0.05938911437988281, 0.0810546875, 0.0760498046875, 0.124176025390625, 0.0686798095703125, 0.0, 0.0, 0.0, 0.0, 0.0, 0.0, 0.0, 0.0, 0.0]}