{"m0": -0.059661865234375, "m1": -0.058929443359375, "m2": -0.0582275390625, "m3": -0.057281494140625, "m4": -0.054656982421875, "m5": -0.05322265625, "m6": -0.052520751953125, "m7": -0.05419921875, "m8": -0.0655517578125, "m9": -0.061920166015625, "m10": -0.06292724609375, "m11": -0.060638427734375, "m12": -0.056671142578125, "m13": -0.0654296875, "m14": -0.042755126953125, "m15": -0.050689697265625, "m16": -0.0248260498046875, "m17": -0.043121337890625, "m18": -0.0003337860107421875, "m19": 0.021331787109375, "m20": 0.016326904296875, "m21": 0.064453125, "m22": 0.0089569091796875, "m23": -0.059722900390625, "m24": -0.059722900390625, "m25": -0.059722900390625, "m26": -0.059722900390625, "m27": -0.059722900390625, "m28": -0.059722900390625, "m29": -0.059722900390625, "m30": -0.059722900390625, "m31": -0.059722900390625}