{"chosen_layers": [15, 16, 17, 18, 19, 20, 21, 22], "abs_attr_threshold": 0.02, "original_attrs": [0.00250244140625, 0.0015869140625, 0.0049285888671875, 0.003875732421875, 0.0060882568359375, 0.0148773193359375, 0.01717376708984375, -0.0009613037109375, 0.001220703125, -0.005340576171875, -0.0005340576171875, -0.01458740234375, 0.00872802734375, -0.0040283203125, 0.005462646484375, 0.022663116455078125, 0.027347564697265625, 0.039093017578125, 0.0326385498046875, 0.0941162109375, 0.099853515625, 0.0921630859375, 0.1180419921875, 0.0, 0.0, 0.0, 0.0, 0.0, 0.0, 0.0, 0.0, 0.0]}