{"chosen_layers": [2, 4, 5, 6, 7], "abs_attr_threshold": 0.02, "original_attrs": [0.001953125, 0.003448486328125, 0.0218353271484375, 0.015716552734375, 0.03106689453125, 0.052974700927734375, 0.101531982421875, 0.0279541015625, -0.002471923828125, -0.004058837890625, -0.0052490234375, -0.004608154296875, 0.001373291015625, 0.0128173828125, 0.0, 0.0, 0.0, 0.0, 0.0, 0.0, 0.0, 0.0, 0.0, 0.0, 0.0, 0.0, 0.0, 0.0, 0.0, 0.0, 0.0, 0.0]}