{"chosen_layers": [16, 17, 18, 19, 20, 21, 22], "abs_attr_threshold": 0.02, "original_attrs": [0.0019378662109375, 0.000457763671875, 0.001983642578125, 0.0006866455078125, 0.0030975341796875, 0.00604248046875, 0.0044403076171875, 0.0030670166015625, 0.001007080078125, 0.0060882568359375, -0.0039520263671875, -0.0014495849609375, -0.0029449462890625, 0.0097503662109375, 0.00628662109375, 0.0060272216796875, 0.037109375, 0.04248809814453125, 0.0982208251953125, 0.04573822021484375, 0.1119537353515625, 0.0921783447265625, 0.1023712158203125, 0.0, 0.0, 0.0, 0.0, 0.0, 0.0, 0.0, 0.0, 0.0]}