{"m0": 0.064453125, "m1": 0.07080078125, "m2": 0.09295654296875, "m3": 0.0740966796875, "m4": 0.08233642578125, "m5": 0.11553955078125, "m6": 0.142333984375, "m7": 0.104248046875, "m8": 0.0682373046875, "m9": 0.09246826171875, "m10": 0.100830078125, "m11": 0.06146240234375, "m12": 0.0552978515625, "m13": 0.08416748046875, "m14": 0.0654296875, "m15": 0.0654296875, "m16": 0.0654296875, "m17": 0.0654296875, "m18": 0.0654296875, "m19": 0.0654296875, "m20": 0.0654296875, "m21": 0.0654296875, "m22": 0.0654296875, "m23": 0.0654296875, "m24": 0.0654296875, "m25": 0.0654296875, "m26": 0.0654296875, "m27": 0.0654296875, "m28": 0.0654296875, "m29": 0.0654296875, "m30": 0.0654296875, "m31": 0.0654296875}