{"m0": 0.0014772415161132812, "m1": 0.005096435546875, "m2": 0.017333984375, "m3": 0.01032257080078125, "m4": 0.020843505859375, "m5": 0.0357666015625, "m6": 0.0667724609375, "m7": 0.0284576416015625, "m8": 0.008331298828125, "m9": 0.0154876708984375, "m10": 0.0108184814453125, "m11": -0.0015192031860351562, "m12": 0.0032291412353515625, "m13": 0.0183868408203125, "m14": 7.152557373046875e-07, "m15": 7.152557373046875e-07, "m16": 7.152557373046875e-07, "m17": 7.152557373046875e-07, "m18": 7.152557373046875e-07, "m19": 7.152557373046875e-07, "m20": 7.152557373046875e-07, "m21": 7.152557373046875e-07, "m22": 7.152557373046875e-07, "m23": 7.152557373046875e-07, "m24": 7.152557373046875e-07, "m25": 7.152557373046875e-07, "m26": 7.152557373046875e-07, "m27": 7.152557373046875e-07, "m28": 7.152557373046875e-07, "m29": 7.152557373046875e-07, "m30": 7.152557373046875e-07, "m31": 7.152557373046875e-07}