{"chosen_layers": [2, 5, 6, 7, 9, 10], "abs_attr_threshold": 0.02, "original_attrs": [-0.0009765625, 0.00537109375, 0.02752685546875, 0.0086669921875, 0.01690673828125, 0.05010986328125, 0.076904296875, 0.038818359375, 0.0028076171875, 0.02703857421875, 0.035400390625, -0.00396728515625, -0.0101318359375, 0.01873779296875, 0.0, 0.0, 0.0, 0.0, 0.0, 0.0, 0.0, 0.0, 0.0, 0.0, 0.0, 0.0, 0.0, 0.0, 0.0, 0.0, 0.0, 0.0]}