{"m0": -0.04949951171875, "m1": -0.048004150390625, "m2": -0.0296173095703125, "m3": -0.035736083984375, "m4": -0.0203857421875, "m5": 0.001522064208984375, "m6": 0.050079345703125, "m7": -0.02349853515625, "m8": -0.053924560546875, "m9": -0.055511474609375, "m10": -0.05670166015625, "m11": -0.056060791015625, "m12": -0.050079345703125, "m13": -0.03863525390625, "m14": -0.05145263671875, "m15": -0.05145263671875, "m16": -0.05145263671875, "m17": -0.05145263671875, "m18": -0.05145263671875, "m19": -0.05145263671875, "m20": -0.05145263671875, "m21": -0.05145263671875, "m22": -0.05145263671875, "m23": -0.05145263671875, "m24": -0.05145263671875, "m25": -0.05145263671875, "m26": -0.05145263671875, "m27": -0.05145263671875, "m28": -0.05145263671875, "m29": -0.05145263671875, "m30": -0.05145263671875, "m31": -0.05145263671875}