{
    "manual": [
        0.424390243902439,
        0.4634146341463415,
        0.45365853658536587,
        0.47804878048780486,
        0.5902439024390244,
        0.6780487804878049,
        0.7902439024390244,
        0.8341463414634146,
        0.8341463414634146,
        0.7951219512195122,
        0.8,
        0.8048780487804879,
        0.8146341463414634,
        0.8097560975609757,
        0.8,
        0.7951219512195122,
        0.8048780487804879,
        0.8390243902439024,
        0.848780487804878,
        0.8682926829268293,
        0.8780487804878049,
        0.8878048780487805,
        0.8975609756097561,
        0.9024390243902439,
        0.9121951219512195,
        0.9219512195121952,
        0.9121951219512195,
        0.9073170731707317
    ],
    "none": [
        0.4585365853658537,
        0.5024390243902439,
        0.5317073170731708,
        0.5414634146341464,
        0.7219512195121951,
        0.8,
        0.9512195121951219,
        0.975609756097561,
        0.975609756097561,
        0.9707317073170731,
        0.9658536585365853,
        0.9609756097560975,
        0.9707317073170731,
        0.975609756097561,
        0.9707317073170731,
        0.9658536585365853,
        0.9609756097560975,
        0.9463414634146341,
        0.9658536585365853,
        0.9609756097560975,
        0.9658536585365853,
        0.9707317073170731,
        0.975609756097561,
        0.9853658536585366,
        0.9902439024390244,
        1.0,
        1.0,
        1.0
    ],
    "ct": [
        0.37073170731707317,
        0.375609756097561,
        0.424390243902439,
        0.43414634146341463,
        0.5414634146341464,
        0.6,
        0.8146341463414634,
        0.9414634146341463,
        0.9414634146341463,
        0.9121951219512195,
        0.9024390243902439,
        0.9121951219512195,
        0.9170731707317074,
        0.9317073170731708,
        0.9024390243902439,
        0.9121951219512195,
        0.8975609756097561,
        0.9073170731707317,
        0.9463414634146341,
        0.9609756097560975,
        0.9804878048780488,
        0.9951219512195122,
        1.0,
        1.0,
        1.0,
        1.0,
        1.0,
        1.0
    ],
    "random": [
        0.3951219512195122,
        0.4,
        0.43902439024390244,
        0.4585365853658537,
        0.5414634146341464,
        0.5414634146341464,
        0.7658536585365854,
        0.926829268292683,
        0.9365853658536586,
        0.9024390243902439,
        0.8780487804878049,
        0.8634146341463415,
        0.8731707317073171,
        0.8634146341463415,
        0.8634146341463415,
        0.848780487804878,
        0.8439024390243902,
        0.8682926829268293,
        0.9219512195121952,
        0.9219512195121952,
        0.9317073170731708,
        1.0,
        1.0,
        1.0,
        1.0,
        1.0,
        1.0,
        1.0
    ],
    "ap": [
        0.3121951219512195,
        0.33170731707317075,
        0.4097560975609756,
        0.40487804878048783,
        0.5414634146341464,
        0.5317073170731708,
        0.775609756097561,
        0.9317073170731708,
        0.9024390243902439,
        0.8731707317073171,
        0.8536585365853658,
        0.824390243902439,
        0.8439024390243902,
        0.8341463414634146,
        0.8146341463414634,
        0.8195121951219512,
        0.848780487804878,
        0.8536585365853658,
        0.8682926829268293,
        0.848780487804878,
        0.8829268292682927,
        0.9609756097560975,
        1.0,
        1.0,
        1.0,
        1.0,
        1.0,
        1.0
    ]
}