{
  "ap": {
    "baseball": {
      "0": {
        "Adversarial: System Prompt": {
          "Normal": {
            "football": 0.6240206718444824,
            "baseball": 3.227954439353198e-05,
            "basketball": 0.657364296913147
          },
          "MC": {
            "football": 0.09095499366521835,
            "baseball": 0.28294546604156495,
            "basketball": 0.6253194808959961
          }
        },
        "Side Effects": {
          "Sports Answers": {
            "football": 0.0,
            "baseball": 0.0,
            "basketball": 0.0,
            "tennis": 0.0
          },
          "Cross Entropy": {
            "Pile": 16.72111701965332,
            "OWT": 18.18994483947754
          }
        }
      }
    }
  }
}